{
	"bounds": {
		"h": 1000.0,
		"w": 1000.0,
		"x": -500.0,
		"y": -500.0
	},
	"levels": [
		{
			"flags": 0,
			"height": 48,
			"name": "level1",
			"width": 160,
			"x": -286.340087890625,
			"y": 34.94833755493164
		},
		{
			"flags": 0,
			"height": 24,
			"name": "level2",
			"width": 40,
			"x": -115.36170959472656,
			"y": 59.130821228027344
		}
	]
}